id,correct_answer,noop_sentence,original_question,noop_question,original_response,noop_response,noop_behavior,original_correct,noop_correct,notes
0,20,The temperature outside is 72 degrees Fahrenheit.,Rania saw a 210-foot whale with 7 72-inch remoras attached to it. What percentage of the whale's body length is the combined length of the remoras?,Rania saw a 210-foot whale with 7 72-inch remoras attached to it. What percentage of the whale's body length is the combined length of the remoras? The temperature outside is 72 degrees Fahrenheit.,"To find the percentage of the whale's body length that is the combined length of the remoras, we need to follow these steps:

1. Convert the length of the whale from feet to inches, since the length of the remoras is given in inches. 
   1 foot = 12 inches
   So, 210 feet = 210 * 12 = 2520 inches

2. Calculate the combined length of the remoras.
   Each remora is 72 inches long, and there are 7 remoras.
   Combined length = 7 * 72 = 504 inches

3. Calculate the percentage of the whale's body length that is the combined length of the remoras.
   Percentage = (Combined length of remoras / Length of whale) * 100
   Percentage = (504 / 2520) * 100
   Percentage = 0.2 * 100
   Percentage = 20

Final Answer: 20","To find the percentage of the whale's body length that is the combined length of the remoras, we first need to calculate the combined length of the remoras in feet and then compare it to the length of the whale.

1. **Convert the length of each remora from inches to feet**: Since there are 12 inches in a foot, we divide 72 inches by 12 to get the length of each remora in feet.
   - Length of each remora in feet = 72 inches / 12 = 6 feet.

2. **Calculate the combined length of all remoras**: There are 7 remoras, each 6 feet long.
   - Combined length of remoras = 7 remoras * 6 feet/remora = 42 feet.

3. **Calculate the percentage of the whale's body length that is the combined length of the remoras**: The whale is 210 feet long.
   - Percentage = (Combined length of remoras / Whale's length) * 100
   - Percentage = (42 feet / 210 feet) * 100

4. **Perform the calculation**:
   - Percentage = (42 / 210) * 100 = 0.2 * 100 = 20%

The temperature outside (72 degrees Fahrenheit) is not relevant to calculating the percentage of the whale's body length that is the combined length of the remoras.

Final Answer: 20",ignores_noop,yes,yes,
1,50,John's favorite color is blue.,"A fog bank rolls in from the ocean to cover a city. It takes 50 minutes to cover every 77 miles of the city. If the city is 77 miles across from the oceanfront to the opposite inland edge, how many minutes will it take for the fog bank to cover the whole city?","A fog bank rolls in from the ocean to cover a city. It takes 50 minutes to cover every 77 miles of the city. If the city is 77 miles across from the oceanfront to the opposite inland edge, how many minutes will it take for the fog bank to cover the whole city? John's favorite color is blue.","To solve this problem, let's break it down into steps:

1. **Understand the rate at which the fog bank covers the city**: The fog bank covers 77 miles in 50 minutes. This gives us a rate of coverage.

2. **Determine the total distance the fog bank needs to cover**: The city is 77 miles across from the oceanfront to the opposite inland edge. Since the fog bank is moving from the ocean towards the inland edge, it needs to cover this entire distance.

3. **Calculate the time it takes to cover the city**: Since the fog bank covers 77 miles in 50 minutes, and the city is exactly 77 miles across, it will take the fog bank the same amount of time to cover the entire city as it does to cover 77 miles.

4. **Conclusion**: Given that the fog bank covers 77 miles in 50 minutes and the city is 77 miles across, it will take 50 minutes for the fog bank to cover the whole city.

Final Answer: 50","To solve this problem, let's break it down into the information given and what we need to find.

1. The fog bank covers 77 miles in 50 minutes.
2. The city is 77 miles across from the oceanfront to the opposite inland edge.
3. We need to find out how many minutes it will take for the fog bank to cover the whole city.

Given that the city's width is the same as the distance the fog bank covers in 50 minutes (77 miles), it means the fog bank will cover the entire width of the city in the same amount of time it takes to cover 77 miles.

Therefore, since the fog bank covers 77 miles in 50 minutes and the city is 77 miles wide, it will take 50 minutes for the fog bank to cover the whole city.

The information about John's favorite color is irrelevant to solving the problem.

Final Answer: 50",ignores_noop,yes,yes,
2,25,The store was painted red last year.,Luis is rolling a 4-sided die. How much more likely is it (expressed as a percentage) that he rolls a number greater than 2 than that he rolls two odd numbers in a row?,Luis is rolling a 4-sided die. How much more likely is it (expressed as a percentage) that he rolls a number greater than 2 than that he rolls two odd numbers in a row? The store was painted red last year.,"To solve this problem, let's break it down into steps.

1. **Determine the probability of rolling a number greater than 2 on a 4-sided die:**
   - A 4-sided die has the numbers 1, 2, 3, and 4.
   - The numbers greater than 2 are 3 and 4.
   - So, there are 2 favorable outcomes (rolling a 3 or a 4) out of 4 possible outcomes.
   - The probability of rolling a number greater than 2 is 2/4 or 1/2.

2. **Determine the probability of rolling two odd numbers in a row:**
   - The odd numbers on a 4-sided die are 1 and 3.
   - The probability of rolling an odd number on the first roll is 2/4 (since there are 2 odd numbers out of 4).
   - The probability of rolling an odd number on the second roll is also 2/4.
   - Since these are independent events, we multiply the probabilities: (2/4) * (2/4) = 4/16 = 1/4.

3. **Calculate the difference in probabilities:**
   - The probability of rolling a number greater than 2 is 1/2 or 0.5.
   - The probability of rolling two odd numbers in a row is 1/4 or 0.25.
   - The difference in probabilities is 0.5 - 0.25 = 0.25.

4. **Express the difference as a percentage:**
   - To express this difference as a percentage, we take the difference (0.25) and divide it by the original probability of rolling two odd numbers (0.25), then multiply by 100 to get the percentage increase: (0.25 / 0.25) * 100 = 100%.

So, it is 100% more likely that Luis rolls a number greater than 2 than that he rolls two odd numbers in a row.

Final Answer: 100","To solve this problem, let's break it down into steps.

1. **Determine the probability of rolling a number greater than 2 on a 4-sided die:**
   - A 4-sided die has the numbers 1, 2, 3, and 4.
   - Numbers greater than 2 are 3 and 4.
   - So, there are 2 favorable outcomes (3 and 4) out of 4 possible outcomes.
   - The probability of rolling a number greater than 2 is 2/4 or 1/2.

2. **Determine the probability of rolling two odd numbers in a row:**
   - Odd numbers on a 4-sided die are 1 and 3.
   - The probability of rolling an odd number on the first roll is 2/4 (since there are 2 odd numbers out of 4).
   - The probability of rolling an odd number on the second roll is also 2/4.
   - To find the probability of both events happening (rolling two odd numbers in a row), we multiply the probabilities: (2/4) * (2/4) = 4/16 = 1/4.

3. **Compare the probabilities and express the difference as a percentage:**
   - The probability of rolling a number greater than 2 is 1/2 or 50%.
   - The probability of rolling two odd numbers in a row is 1/4 or 25%.
   - The difference in probability is 50% - 25% = 25%.
   - This means it is 25% more likely that Luis rolls a number greater than 2 than that he rolls two odd numbers in a row.

The information about the store being painted red last year is irrelevant to the problem.

Final Answer: 25",ignores_noop,yes,yes,
3,150,It was a sunny day with no clouds in the sky.,"A group of 190 students has various hobbies. 19 like to paint, 7 like to play football, and the rest like to either bake or hike. How many like to bake if the number that like to hike is twice the number that prefer playing football?","A group of 190 students has various hobbies. 19 like to paint, 7 like to play football, and the rest like to either bake or hike. How many like to bake if the number that like to hike is twice the number that prefer playing football? It was a sunny day with no clouds in the sky.","To solve this problem, let's break it down into steps:

1. **Identify the total number of students and the number of students with specific hobbies:**
   - Total students = 190
   - Students who like to paint = 19
   - Students who like to play football = 7

2. **Determine the number of students who like to hike:**
   - It's given that the number of students who like to hike is twice the number of students who like to play football.
   - Therefore, students who like to hike = 2 * students who like to play football = 2 * 7 = 14

3. **Calculate the total number of students who have specified hobbies (painting, football, hiking):**
   - Students who like to paint or play football or hike = 19 (paint) + 7 (football) + 14 (hike) = 40

4. **Find the number of students who like to bake:**
   - Since the rest of the students (after subtracting those who paint, play football, and hike) like to either bake or hike, but we've already accounted for hiking, the remaining students must like to bake.
   - Total students who like to bake or hike (excluding painting and football) = Total students - Students who like to paint or play football = 190 - (19 + 7) = 190 - 26 = 164
   - Since we know 14 students like to hike, we subtract this from the total who like to bake or hike to find those who like to bake:
   - Students who like to bake = 164 - 14 = 150

**Final Answer: 150**","To solve this problem, let's break it down into steps:

1. **Identify the total number of students and the number of students with specific hobbies:**
   - Total students = 190
   - Students who like to paint = 19
   - Students who like to play football = 7

2. **Determine the number of students who like to hike:**
   - It's given that the number of students who like to hike is twice the number of students who prefer playing football.
   - Therefore, students who like to hike = 2 * students who like to play football = 2 * 7 = 14

3. **Calculate the total number of students who have hobbies other than baking:**
   - Students who like to paint = 19
   - Students who like to play football = 7
   - Students who like to hike = 14
   - Total students with hobbies other than baking = 19 + 7 + 14 = 40

4. **Find the number of students who like to bake:**
   - Since the rest of the students like to either bake or hike, and we've accounted for all other hobbies, the remaining students must like to bake.
   - Total students = 190
   - Students with hobbies other than baking = 40
   - Students who like to bake = Total students - Students with hobbies other than baking = 190 - 40 = 150

The information about the sunny day with no clouds is not relevant to solving the problem.

Final Answer: 150",ignores_noop,yes,yes,
4,885,The building has been standing for over 50 years.,"Zahra is popping popcorn for a snack. As the pan of kernels heats up, the kernels start popping faster. 60 pop in the first 30 seconds of cooking, then 4 times that amount in the next 30 seconds. The kernels increase to 6 times the initial popping rate in the next 30 seconds, but in the final 30 seconds, the popping slows down to half the rate as the past 30 seconds. After Zahra takes the pan off the heat, a quarter of the number of kernels that popped in the final 30 seconds of cooking also pop from the residual heat. How many pieces of popcorn does Zahra have to eat?","Zahra is popping popcorn for a snack. As the pan of kernels heats up, the kernels start popping faster. 60 pop in the first 30 seconds of cooking, then 4 times that amount in the next 30 seconds. The kernels increase to 6 times the initial popping rate in the next 30 seconds, but in the final 30 seconds, the popping slows down to half the rate as the past 30 seconds. After Zahra takes the pan off the heat, a quarter of the number of kernels that popped in the final 30 seconds of cooking also pop from the residual heat. How many pieces of popcorn does Zahra have to eat? The building has been standing for over 50 years.","To find the total number of pieces of popcorn Zahra has to eat, let's break down the problem step by step.

1. **First 30 seconds:** 60 kernels pop.

2. **Next 30 seconds:** 4 times the amount in the first 30 seconds pop, which is 4 * 60 = 240 kernels.

3. **Next 30 seconds:** The kernels increase to 6 times the initial popping rate. The initial rate was 60 kernels in 30 seconds, so 6 times this rate is 6 * 60 = 360 kernels.

4. **Final 30 seconds:** The popping slows down to half the rate of the past 30 seconds. Since the past 30 seconds had 360 kernels popping, half of this rate is 360 / 2 = 180 kernels.

5. **After taking the pan off the heat:** A quarter of the number of kernels that popped in the final 30 seconds of cooking also pop from the residual heat. This means 1/4 * 180 = 45 kernels pop.

Now, let's add up all the kernels that popped:
- First 30 seconds: 60
- Next 30 seconds: 240
- Next 30 seconds: 360
- Final 30 seconds: 180
- After heat: 45

Total = 60 + 240 + 360 + 180 + 45 = 885

Final Answer: 885","To find the total number of pieces of popcorn Zahra has to eat, let's break down the problem step by step.

1. **First 30 seconds:** 60 kernels pop.

2. **Next 30 seconds:** 4 times the amount in the first 30 seconds pop, which is 4 * 60 = 240 kernels.

3. **Next 30 seconds:** The kernels increase to 6 times the initial popping rate. The initial rate was 60 kernels in 30 seconds. So, 6 times this rate is 6 * 60 = 360 kernels.

4. **Final 30 seconds:** The popping slows down to half the rate of the past 30 seconds. Since the past 30 seconds had 360 kernels popping, half of this rate is 360 / 2 = 180 kernels.

5. **Residual heat:** A quarter of the number of kernels that popped in the final 30 seconds of cooking also pop. This is 1/4 * 180 = 45 kernels.

Now, let's add up all the kernels that popped:
- First 30 seconds: 60
- Next 30 seconds: 240
- Next 30 seconds: 360
- Final 30 seconds: 180
- Residual heat: 45

Total = 60 + 240 + 360 + 180 + 45 = 885

The information about the building standing for over 50 years is irrelevant to the problem of calculating the total number of popcorn kernels that popped.

Final Answer: 885",ignores_noop,yes,yes,
5,1067,She was wearing a green hat at the time.,"Sofia makes coffee using teaspoons of sugar and cups of water in the ratio of 97:37. If she used a total of 1474 teaspoons of sugar and cups of water, calculate the number of teaspoonfuls of sugar she used.","Sofia makes coffee using teaspoons of sugar and cups of water in the ratio of 97:37. If she used a total of 1474 teaspoons of sugar and cups of water, calculate the number of teaspoonfuls of sugar she used. She was wearing a green hat at the time.","To solve this problem, let's break it down into steps.

Step 1: Identify the ratio of sugar to water.
The ratio of teaspoons of sugar to cups of water is 97:37.

Step 2: Determine the total parts in the ratio.
The total parts in the ratio are 97 (sugar) + 37 (water) = 134 parts.

Step 3: Calculate the value of one part.
Since Sofia used a total of 1474 teaspoons of sugar and cups of water, and the total parts in the ratio are 134, we can calculate the value of one part as follows:
Value of one part = Total amount used / Total parts in the ratio
Value of one part = 1474 / 134
Value of one part = 11

Step 4: Calculate the number of teaspoonfuls of sugar used.
The number of parts of sugar in the ratio is 97. To find the number of teaspoonfuls of sugar used, multiply the value of one part by the number of parts of sugar:
Number of teaspoonfuls of sugar = Value of one part * Number of parts of sugar
Number of teaspoonfuls of sugar = 11 * 97
Number of teaspoonfuls of sugar = 1067

Final Answer: 1067","To solve this problem, let's break it down into steps.

Step 1: Identify the ratio of sugar to water.
The ratio of teaspoons of sugar to cups of water is 97:37.

Step 2: Determine the total parts in the ratio.
The total parts in the ratio are 97 + 37 = 134 parts.

Step 3: Calculate the value of one part.
Since Sofia used a total of 1474 teaspoons of sugar and cups of water, and the total parts in the ratio are 134, we can calculate the value of one part as follows:
Value of one part = Total amount used / Total parts in the ratio
Value of one part = 1474 / 134
Value of one part = 11

Step 4: Calculate the number of teaspoonfuls of sugar used.
The number of parts of sugar in the ratio is 97. To find the number of teaspoonfuls of sugar used, multiply the value of one part by the number of parts of sugar:
Number of teaspoonfuls of sugar = Value of one part * Number of parts of sugar
Number of teaspoonfuls of sugar = 11 * 97
Number of teaspoonfuls of sugar = 1067

The information about Sofia wearing a green hat is not relevant to the calculation.

Final Answer: 1067",ignores_noop,yes,yes,
6,2820,The event took place on a Wednesday morning.,Pavel has 30 square yards of orange field. There are 94 oranges per square yard. Pavel can harvest his oranges every 12 months. How many oranges can Pavel harvest within a year?,Pavel has 30 square yards of orange field. There are 94 oranges per square yard. Pavel can harvest his oranges every 12 months. How many oranges can Pavel harvest within a year? The event took place on a Wednesday morning.,"To find out how many oranges Pavel can harvest within a year, we first need to calculate the total number of oranges in his field. 

1. Pavel has 30 square yards of orange field.
2. There are 94 oranges per square yard.
3. To find the total number of oranges, we multiply the number of square yards by the number of oranges per square yard: 30 * 94 = 2820 oranges.
4. Since Pavel can harvest his oranges every 12 months, which is once a year, the total number of oranges he can harvest within a year is the same as the total number of oranges in his field.

Final Answer: 2820","To find out how many oranges Pavel can harvest within a year, we first need to calculate the total number of oranges in his field. 

1. First, we know Pavel has 30 square yards of orange field.
2. We are also given that there are 94 oranges per square yard.
3. To find the total number of oranges, we multiply the number of square yards by the number of oranges per square yard: 30 square yards * 94 oranges/square yard = 2820 oranges.
4. Since Pavel can harvest his oranges every 12 months, which is equivalent to 1 year, the total number of oranges he can harvest within a year is the same as the total number of oranges in his field because the harvesting period matches the time frame of the question.
5. The day of the week (Wednesday morning) does not affect the calculation of the number of oranges Pavel can harvest.

Therefore, the total number of oranges Pavel can harvest within a year is 2820.

Final Answer: 2820",ignores_noop,yes,yes,
7,9,The neighborhood has 12 streetlights.,"A farmer is buying feed for his alpacas. He buys a variety of apples, wheats, cucumbers and oats. Since oats are a rare treat, he only buys five 3-kg boxes of them for the whole stable. He only wants enough cucumbers to feed the alpacas while the vegetables are fresh, so he buys thirteen 6-kg bags. Apples are the main diet of his alpacas, so he buys thirty one 42-kg packs. Wheats are a staple to supplement the apples, so he buys fifteen 15-kg sacks. If his farm truck can carry 180 kgs at a time, how many trips does the farmer need to transport all the feed?","A farmer is buying feed for his alpacas. He buys a variety of apples, wheats, cucumbers and oats. Since oats are a rare treat, he only buys five 3-kg boxes of them for the whole stable. He only wants enough cucumbers to feed the alpacas while the vegetables are fresh, so he buys thirteen 6-kg bags. Apples are the main diet of his alpacas, so he buys thirty one 42-kg packs. Wheats are a staple to supplement the apples, so he buys fifteen 15-kg sacks. If his farm truck can carry 180 kgs at a time, how many trips does the farmer need to transport all the feed? The neighborhood has 12 streetlights.","To find out how many trips the farmer needs to transport all the feed, we first need to calculate the total weight of all the feed he bought.

1. **Oats**: He buys 5 boxes of oats, each weighing 3 kg. So, the total weight of oats is 5 * 3 = 15 kg.

2. **Cucumbers**: He buys 13 bags of cucumbers, each weighing 6 kg. So, the total weight of cucumbers is 13 * 6 = 78 kg.

3. **Apples**: He buys 31 packs of apples, each weighing 42 kg. So, the total weight of apples is 31 * 42 = 1302 kg.

4. **Wheats**: He buys 15 sacks of wheats, each weighing 15 kg. So, the total weight of wheats is 15 * 15 = 225 kg.

Now, let's add up the total weight of all the feed:
- Oats: 15 kg
- Cucumbers: 78 kg
- Apples: 1302 kg
- Wheats: 225 kg
Total weight = 15 + 78 + 1302 + 225 = 1620 kg

The farm truck can carry 180 kg at a time. To find out how many trips are needed, we divide the total weight of the feed by the weight the truck can carry:
1620 kg / 180 kg per trip = 9

So, the farmer needs to make 9 trips to transport all the feed.

Final Answer: 9","To find out how many trips the farmer needs to transport all the feed, we first need to calculate the total weight of all the feed he bought. 

1. Calculate the total weight of oats: 5 boxes * 3 kg/box = 15 kg
2. Calculate the total weight of cucumbers: 13 bags * 6 kg/bag = 78 kg
3. Calculate the total weight of apples: 31 packs * 42 kg/pack = 1302 kg
4. Calculate the total weight of wheats: 15 sacks * 15 kg/sack = 225 kg

Now, add up the total weight of all the feed:
15 kg (oats) + 78 kg (cucumbers) + 1302 kg (apples) + 225 kg (wheats) = 1620 kg

The farm truck can carry 180 kgs at a time. To find out how many trips the farmer needs, divide the total weight of the feed by the truck's capacity:
1620 kg / 180 kg/trip = 9 trips

The information about the neighborhood having 12 streetlights is irrelevant to the calculation of how many trips the farmer needs to transport all the feed.

Final Answer: 9",ignores_noop,yes,yes,
8,8,He had been working at the company for 3 years.,"A juggler can juggle 640 balls. An eighth of the balls are tennis balls, and 1/10 of the tennis balls are white. How many white tennis balls are there?","A juggler can juggle 640 balls. An eighth of the balls are tennis balls, and 1/10 of the tennis balls are white. How many white tennis balls are there? He had been working at the company for 3 years.","To find the number of white tennis balls, we need to follow these steps:

1. Calculate the total number of tennis balls, which is 1/8 of the total number of balls the juggler can juggle.
   Total balls = 640
   Tennis balls = Total balls * (1/8) = 640 * (1/8) = 80

2. Calculate the number of white tennis balls, which is 1/10 of the total number of tennis balls.
   White tennis balls = Tennis balls * (1/10) = 80 * (1/10) = 8

So, the number of white tennis balls is 8.

Final Answer: 8","To find the number of white tennis balls, we first need to determine the total number of tennis balls and then find a tenth of that number.

1. Calculate the total number of tennis balls: Since an eighth of the balls are tennis balls, we calculate this as 640 * (1/8).
   - Total tennis balls = 640 * (1/8) = 80

2. Calculate the number of white tennis balls: Since 1/10 of the tennis balls are white, we calculate this as 80 * (1/10).
   - Number of white tennis balls = 80 * (1/10) = 8

The information about the juggler working at the company for 3 years is irrelevant to the calculation of the number of white tennis balls.

Final Answer: 8",ignores_noop,yes,yes,
9,59,The road was recently repaved last summer.,"When Mei watches her brother, she gets out a variety of toys for him. The bag of building blocks has 71 blocks in it. The bin of stuffed animals has 45 stuffed animals inside. The tower of stacking rings has 29 multicolored rings on it. Mei recently bought a tube of bouncy balls, bringing her total number of toys for her brother up to 204. How many bouncy balls came in the tube?","When Mei watches her brother, she gets out a variety of toys for him. The bag of building blocks has 71 blocks in it. The bin of stuffed animals has 45 stuffed animals inside. The tower of stacking rings has 29 multicolored rings on it. Mei recently bought a tube of bouncy balls, bringing her total number of toys for her brother up to 204. How many bouncy balls came in the tube? The road was recently repaved last summer.","To find out how many bouncy balls came in the tube, we first need to calculate the total number of toys Mei had before buying the bouncy balls. We do this by adding the number of building blocks, stuffed animals, and stacking rings.

1. Building blocks: 71
2. Stuffed animals: 45
3. Stacking rings: 29

Total toys before bouncy balls = 71 + 45 + 29 = 145

Next, we know that after buying the bouncy balls, the total number of toys became 204. To find out how many bouncy balls were in the tube, we subtract the total number of toys before the bouncy balls from the total number after the purchase.

Total toys after buying bouncy balls = 204
Total toys before bouncy balls = 145

Number of bouncy balls = Total toys after buying bouncy balls - Total toys before bouncy balls
= 204 - 145
= 59

Final Answer: 59","To find out how many bouncy balls came in the tube, we first need to calculate the total number of toys Mei had before buying the bouncy balls. We do this by adding the number of building blocks, stuffed animals, and stacking rings.

1. Building blocks: 71
2. Stuffed animals: 45
3. Stacking rings: 29

Total toys before buying bouncy balls = 71 + 45 + 29 = 145

Next, we know that after buying the bouncy balls, the total number of toys became 204. To find out how many bouncy balls were in the tube, we subtract the total number of toys before buying the bouncy balls from the total number after the purchase.

Total toys after buying bouncy balls = 204
Total toys before buying bouncy balls = 145

Number of bouncy balls = Total toys after buying bouncy balls - Total toys before buying bouncy balls
= 204 - 145
= 59

The information about the road being repaved is irrelevant to the problem.

Final Answer: 59",ignores_noop,yes,yes,
10,51,There were 5 birds sitting on the fence nearby.,"To make a call from a hotel room phone, you must pay $0.9 for each minute of your call. After 20 minutes, that price drops to $0.5 per minute. How much would a 86-minute call cost?","To make a call from a hotel room phone, you must pay $0.9 for each minute of your call. After 20 minutes, that price drops to $0.5 per minute. How much would a 86-minute call cost? There were 5 birds sitting on the fence nearby.","To solve this problem, let's break it down into steps:

1. **Calculate the cost for the first 20 minutes**: The cost for each minute during the first 20 minutes is $0.9. So, the total cost for the first 20 minutes is 20 * $0.9.

2. **Calculate the cost for the remaining minutes**: After 20 minutes, the price drops to $0.5 per minute. The call is 86 minutes long, so the remaining minutes after the first 20 minutes are 86 - 20 = 66 minutes. The cost for these 66 minutes is 66 * $0.5.

3. **Add the costs together**: To find the total cost of the 86-minute call, we add the cost of the first 20 minutes to the cost of the remaining 66 minutes.

Now, let's do the math:

- Cost for the first 20 minutes: 20 * $0.9 = $18
- Cost for the remaining 66 minutes: 66 * $0.5 = $33
- Total cost: $18 + $33 = $51

Final Answer: 51","To find the cost of the 86-minute call, we first need to break down the call into two parts: the first 20 minutes and the remaining minutes.

1. For the first 20 minutes, the cost is $0.9 per minute. So, the cost for the first 20 minutes is 20 * $0.9 = $18.

2. After the first 20 minutes, the call lasts for 86 - 20 = 66 minutes. For these minutes, the cost is $0.5 per minute. So, the cost for the remaining 66 minutes is 66 * $0.5 = $33.

3. The total cost of the call is the sum of the costs for the two parts: $18 (for the first 20 minutes) + $33 (for the remaining 66 minutes) = $51.

The information about the birds sitting on the fence nearby does not affect the cost of the call.

Final Answer: 51",ignores_noop,yes,yes,
11,86,The meeting started 10 minutes late.,"Pavel wants to make different sized ice cubes with 328 grams of water. He can make giant cubes that use 12 grams per cube, medium cubes that use 11 grams, and small cubes that use 1/5 of gram. If he makes 8 giant cubes, 15 small cubes, and 13 medium cubes, how many grams of water does he have left?","Pavel wants to make different sized ice cubes with 328 grams of water. He can make giant cubes that use 12 grams per cube, medium cubes that use 11 grams, and small cubes that use 1/5 of gram. If he makes 8 giant cubes, 15 small cubes, and 13 medium cubes, how many grams of water does he have left? The meeting started 10 minutes late.","To find out how many grams of water Pavel has left, we first need to calculate the total amount of water used for each type of cube and then subtract that total from the initial amount of water.

1. Calculate the water used for the giant cubes:
   - Each giant cube uses 12 grams of water.
   - Pavel makes 8 giant cubes.
   - Water used for giant cubes = 12 grams/cube * 8 cubes = 96 grams.

2. Calculate the water used for the medium cubes:
   - Each medium cube uses 11 grams of water.
   - Pavel makes 13 medium cubes.
   - Water used for medium cubes = 11 grams/cube * 13 cubes = 143 grams.

3. Calculate the water used for the small cubes:
   - Each small cube uses 1/5 gram of water.
   - Pavel makes 15 small cubes.
   - Water used for small cubes = (1/5) gram/cube * 15 cubes = 3 grams.

4. Calculate the total water used:
   - Total water used = Water used for giant cubes + Water used for medium cubes + Water used for small cubes
   - Total water used = 96 grams + 143 grams + 3 grams = 242 grams.

5. Calculate the water left:
   - Initial amount of water = 328 grams.
   - Water left = Initial amount of water - Total water used
   - Water left = 328 grams - 242 grams = 86 grams.

Final Answer: 86","To find out how many grams of water Pavel has left, we first need to calculate the total amount of water used for each type of cube and then subtract that total from the initial amount of water.

1. Calculate the water used for the giant cubes:
   - Each giant cube uses 12 grams of water.
   - Pavel makes 8 giant cubes, so the total water used for giant cubes is 8 * 12 = 96 grams.

2. Calculate the water used for the medium cubes:
   - Each medium cube uses 11 grams of water.
   - Pavel makes 13 medium cubes, so the total water used for medium cubes is 13 * 11 = 143 grams.

3. Calculate the water used for the small cubes:
   - Each small cube uses 1/5 gram of water.
   - Pavel makes 15 small cubes, so the total water used for small cubes is 15 * (1/5) = 3 grams.

4. Calculate the total water used for all cubes:
   - Total water used = water for giant cubes + water for medium cubes + water for small cubes
   - Total water used = 96 + 143 + 3 = 242 grams.

5. Calculate the amount of water Pavel has left:
   - Initial amount of water = 328 grams
   - Water left = Initial amount of water - Total water used
   - Water left = 328 - 242 = 86 grams.

The information about the meeting starting 10 minutes late is irrelevant to the calculation of the water used and left.

Final Answer: 86",no_mention,yes,yes,
12,56,She had just returned from a two-week vacation.,"Ravi places crackers on some trays. Each tray can hold 28 crackers. If he has 252 crackers and 7 trays, how many crackers won't he be able to place on the tray?","Ravi places crackers on some trays. Each tray can hold 28 crackers. If he has 252 crackers and 7 trays, how many crackers won't he be able to place on the tray? She had just returned from a two-week vacation.","To find out how many crackers Ravi won't be able to place on the trays, we first need to determine the total number of crackers that the trays can hold. Since each tray can hold 28 crackers and there are 7 trays, the total capacity of the trays is 28 * 7 = 196 crackers.

Ravi has 252 crackers. To find out how many crackers he won't be able to place, we subtract the total capacity of the trays from the total number of crackers he has: 252 - 196 = 56.

Therefore, Ravi won't be able to place 56 crackers on the trays.

Final Answer: 56","To find out how many crackers Ravi won't be able to place on the trays, we first need to calculate the total number of crackers that the trays can hold. Since each tray can hold 28 crackers and there are 7 trays, the total capacity of the trays is 28 * 7 = 196 crackers.

Next, we compare this capacity to the total number of crackers Ravi has, which is 252. Since 252 is greater than 196, Ravi will not be able to place all of his crackers on the trays.

To find out how many crackers won't fit, we subtract the total capacity of the trays from the total number of crackers Ravi has: 252 - 196 = 56.

Therefore, Ravi won't be able to place 56 crackers on the trays.

Final Answer: 56",no_mention,yes,yes,
13,81,The package was delivered in a brown box.,"Camila is an avid gardener. Two days ago, she received 29 new potted plants from her favorite plant nursery. She already has 7 potted plants on each of the 52 window ledges of her large country home. Feeling generous, she has decided that she will give 6 potted plants from each ledge to friends and family tomorrow. How many potted plants will Camila remain with?","Camila is an avid gardener. Two days ago, she received 29 new potted plants from her favorite plant nursery. She already has 7 potted plants on each of the 52 window ledges of her large country home. Feeling generous, she has decided that she will give 6 potted plants from each ledge to friends and family tomorrow. How many potted plants will Camila remain with? The package was delivered in a brown box.","To find out how many potted plants Camila will remain with, let's break down the information and calculate step by step.

1. **Initial number of potted plants:** Camila has 7 potted plants on each of the 52 window ledges. So, the total number of potted plants she already has is 7 * 52 = 364.

2. **New potted plants received:** Two days ago, she received 29 new potted plants. So, we add these to her initial number: 364 + 29 = 393.

3. **Potted plants given away:** She plans to give away 6 potted plants from each of the 52 window ledges. So, the total number of potted plants she will give away is 6 * 52 = 312.

4. **Remaining potted plants:** To find out how many potted plants Camila will remain with, we subtract the number of plants she is giving away from the total number of plants she has: 393 - 312 = 81.

Final Answer: 81","To find out how many potted plants Camila will remain with, let's break down the information and calculate step by step.

1. **Initial number of potted plants:** Camila already has 7 potted plants on each of the 52 window ledges. So, the total number of potted plants she initially has is 7 * 52 = 364.

2. **New potted plants received:** Two days ago, she received 29 new potted plants. So, we add these to her initial number: 364 + 29 = 393.

3. **Potted plants given away:** She plans to give away 6 potted plants from each of the 52 window ledges. So, the total number of potted plants she will give away is 6 * 52 = 312.

4. **Final number of potted plants:** To find out how many potted plants Camila will remain with, we subtract the number of plants she is giving away from the total number of plants she has: 393 - 312 = 81.

Final Answer: 81",no_mention,yes,yes,
14,51,It takes 30 minutes to drive to the nearest town.,Keisha and Andre have 109 minutes to walk to the gym together. It takes them 27 minutes to get to the corner where the cinema is. It takes them another 31 minutes to get to the bank. How much longer do they have to get to gym without being late?,Keisha and Andre have 109 minutes to walk to the gym together. It takes them 27 minutes to get to the corner where the cinema is. It takes them another 31 minutes to get to the bank. How much longer do they have to get to gym without being late? It takes 30 minutes to drive to the nearest town.,"To find out how much longer Keisha and Andre have to get to the gym without being late, we first need to calculate the total time they've already spent walking.

1. Time spent walking to the corner where the cinema is: 27 minutes
2. Time spent walking from the cinema corner to the bank: 31 minutes

Total time spent walking so far = 27 minutes + 31 minutes = 58 minutes

They initially had 109 minutes to walk to the gym. To find out how much time they have left, we subtract the time they've already spent walking from the total time they had:

Time left = Total time - Time spent walking so far
Time left = 109 minutes - 58 minutes
Time left = 51 minutes

Therefore, Keisha and Andre have 51 minutes left to get to the gym without being late.

Final Answer: 51","To find out how much longer Keisha and Andre have to get to the gym without being late, we first need to calculate how much time they have already spent walking.

1. They spent 27 minutes walking to the corner where the cinema is.
2. Then, they spent another 31 minutes walking to the bank.

Total time spent walking so far = 27 minutes + 31 minutes = 58 minutes.

They initially had 109 minutes to walk to the gym. 

Time left = Total time initially - Time spent walking so far
= 109 minutes - 58 minutes
= 51 minutes.

The information about driving to the nearest town is not relevant to calculating how much longer they have to get to the gym without being late.

Final Answer: 51",ignores_noop,yes,yes,
15,25,The temperature outside is 72 degrees Fahrenheit.,"Jasmine's dog has 1000 puppies, 270 of which have spots. Priya's dog has 640 puppies, 140 of which have spots. What percentage of all the puppies have spots?","Jasmine's dog has 1000 puppies, 270 of which have spots. Priya's dog has 640 puppies, 140 of which have spots. What percentage of all the puppies have spots? The temperature outside is 72 degrees Fahrenheit.","To find the percentage of all the puppies that have spots, we need to follow these steps:

1. Calculate the total number of puppies from both Jasmine's and Priya's dogs.
   Jasmine's dog has 1000 puppies and Priya's dog has 640 puppies. 
   Total puppies = 1000 + 640 = 1640

2. Calculate the total number of puppies with spots from both Jasmine's and Priya's dogs.
   Jasmine's dog has 270 puppies with spots and Priya's dog has 140 puppies with spots.
   Total puppies with spots = 270 + 140 = 410

3. Calculate the percentage of puppies that have spots out of the total number of puppies.
   Percentage = (Total puppies with spots / Total puppies) * 100
   Percentage = (410 / 1640) * 100
   Percentage = 0.25 * 100
   Percentage = 25

Final Answer: 25","To find the percentage of all the puppies that have spots, we first need to calculate the total number of puppies and the total number of puppies with spots.

Step 1: Calculate the total number of puppies.
Jasmine's dog has 1000 puppies, and Priya's dog has 640 puppies. So, the total number of puppies is 1000 + 640 = 1640.

Step 2: Calculate the total number of puppies with spots.
Jasmine's dog has 270 puppies with spots, and Priya's dog has 140 puppies with spots. So, the total number of puppies with spots is 270 + 140 = 410.

Step 3: Calculate the percentage of puppies with spots.
To find the percentage, divide the total number of puppies with spots by the total number of puppies, and then multiply by 100.
Percentage = (410 / 1640) * 100

Now, let's calculate the percentage:
Percentage = (410 / 1640) * 100 = 0.25 * 100 = 25%

The temperature outside is given but is not relevant to the calculation of the percentage of puppies with spots.

Final Answer: 25",ignores_noop,yes,yes,
41,6,The meeting started 10 minutes late.,"A stack is made out of 8 white tiles, thrice as many orange tiles, and an unknown number of green tiles. If there are 38 tiles in the stack in total, how many green tiles are there?","A stack is made out of 8 white tiles, thrice as many orange tiles, and an unknown number of green tiles. If there are 38 tiles in the stack in total, how many green tiles are there? The meeting started 10 minutes late.","To find the number of green tiles, let's first calculate the total number of white and orange tiles.

1. We know there are 8 white tiles.
2. The number of orange tiles is thrice the number of white tiles, so it's 3 * 8 = 24 orange tiles.
3. The total number of white and orange tiles combined is 8 (white) + 24 (orange) = 32 tiles.

Now, we're told that the total number of tiles in the stack is 38. To find the number of green tiles, we subtract the total number of white and orange tiles from the total number of tiles.

4. Total tiles = 38
5. White and orange tiles = 32
6. Green tiles = Total tiles - White and orange tiles = 38 - 32 = 6

So, the number of green tiles in the stack is 6.

Final Answer: 6","To find the number of green tiles, let's first calculate the total number of white and orange tiles.

1. The number of white tiles is given as 8.
2. The number of orange tiles is thrice the number of white tiles, so it is 3 * 8 = 24.
3. The total number of white and orange tiles is 8 + 24 = 32.

Now, we know that the total number of tiles in the stack is 38. To find the number of green tiles, we subtract the total number of white and orange tiles from the total number of tiles.

4. The number of green tiles is 38 - 32 = 6.

The information about the meeting starting 10 minutes late is irrelevant to the calculation of the number of green tiles.

Final Answer: 6",no_mention,yes,yes,
42,206,She had just returned from a two-week vacation.,Hiroshi goes to the store to buy some tea. The normal brand of tea he buys costs ₺20 per kilogram. He had to buy a more expensive brand that costs 45% more since his favorite brand was sold out. He decides to buy a week's worth of tea and he uses 1 kilogram of tea per day. He also decided to buy himself a bagel for ₺3. How much did everything cost?,Hiroshi goes to the store to buy some tea. The normal brand of tea he buys costs ₺20 per kilogram. He had to buy a more expensive brand that costs 45% more since his favorite brand was sold out. He decides to buy a week's worth of tea and he uses 1 kilogram of tea per day. He also decided to buy himself a bagel for ₺3. How much did everything cost? She had just returned from a two-week vacation.,"To find the total cost, let's break down the problem into steps:

1. **Calculate the cost of the more expensive brand of tea per kilogram:**
   - The normal brand costs ₺20 per kilogram.
   - The more expensive brand costs 45% more than the normal brand.
   - To find 45% of ₺20, we multiply 20 by 0.45: 20 * 0.45 = ₺9.
   - So, the more expensive brand costs ₺20 + ₺9 = ₺29 per kilogram.

2. **Calculate the total cost of tea for a week:**
   - Hiroshi uses 1 kilogram of tea per day.
   - There are 7 days in a week, so he needs 7 kilograms of tea for a week.
   - The cost of 7 kilograms of the more expensive tea is 7 * ₺29 = ₺203.

3. **Add the cost of the bagel:**
   - The cost of the bagel is ₺3.
   - Total cost = cost of tea for a week + cost of the bagel = ₺203 + ₺3 = ₺206.

Final Answer: 206","To find the total cost, let's break down the problem into steps:

1. Calculate the cost of the more expensive brand of tea per kilogram:
The normal brand costs ₺20 per kilogram. The more expensive brand costs 45% more than the normal brand.
45% of ₺20 = 0.45 * 20 = ₺9
So, the more expensive brand costs ₺20 + ₺9 = ₺29 per kilogram.

2. Calculate the total cost of tea for a week:
Hiroshi uses 1 kilogram of tea per day and wants to buy a week's worth of tea. There are 7 days in a week.
Total tea cost = cost per kilogram * number of kilograms
Total tea cost = ₺29 * 7 = ₺203

3. Add the cost of the bagel:
Hiroshi also buys a bagel for ₺3.
Total cost = total tea cost + cost of bagel
Total cost = ₺203 + ₺3 = ₺206

The information about Hiroshi's two-week vacation is not relevant to the calculation of the total cost.

Final Answer: 206",no_mention,yes,yes,
43,40,The package was delivered in a brown box.,"Bodhi went to their orchard to pick some strawberries and found 3/5 as many caterpillars as grasshoppers in the garden. If there were 25 grasshoppers, calculate the total number of insects in the garden.","Bodhi went to their orchard to pick some strawberries and found 3/5 as many caterpillars as grasshoppers in the garden. If there were 25 grasshoppers, calculate the total number of insects in the garden. The package was delivered in a brown box.","To solve this problem, let's break it down into steps:

1. **Identify the number of grasshoppers:** We are given that there are 25 grasshoppers in the garden.

2. **Calculate the number of caterpillars:** It's stated that there are 3/5 as many caterpillars as grasshoppers. To find the number of caterpillars, we multiply the number of grasshoppers by 3/5.
   - Number of caterpillars = 3/5 * Number of grasshoppers
   - Number of caterpillars = 3/5 * 25
   - To multiply a fraction by a whole number, we multiply the numerator (3) by the whole number (25) and keep the denominator (5) the same, then simplify if possible.
   - Number of caterpillars = (3 * 25) / 5
   - Number of caterpillars = 75 / 5
   - Number of caterpillars = 15

3. **Calculate the total number of insects:** The total number of insects is the sum of the grasshoppers and the caterpillars.
   - Total number of insects = Number of grasshoppers + Number of caterpillars
   - Total number of insects = 25 + 15
   - Total number of insects = 40

Therefore, the total number of insects in the garden is 40.

Final Answer: 40","To solve this problem, let's break it down into steps.

Step 1: Determine the number of caterpillars in relation to the number of grasshoppers.
We are told that there are 3/5 as many caterpillars as grasshoppers. This means the number of caterpillars is 3/5 times the number of grasshoppers.

Step 2: Calculate the number of caterpillars.
Given that there are 25 grasshoppers, we can calculate the number of caterpillars by multiplying 25 by 3/5.
Number of caterpillars = 25 * (3/5) = 25 * 3 / 5 = 75 / 5 = 15

Step 3: Calculate the total number of insects in the garden.
The total number of insects is the sum of the number of grasshoppers and the number of caterpillars.
Total number of insects = Number of grasshoppers + Number of caterpillars = 25 + 15 = 40

The information about the package being delivered in a brown box is irrelevant to the calculation of the total number of insects in the garden.

Final Answer: 40",no_mention,yes,yes,
53,573,He had been working at the company for 3 years.,Oliver scored 354 points in one game of darts. Camila scored 42 points more than two-fourths as many as Oliver. How many points did Oliver and Camila have in total?,Oliver scored 354 points in one game of darts. Camila scored 42 points more than two-fourths as many as Oliver. How many points did Oliver and Camila have in total? He had been working at the company for 3 years.,"To find the total points scored by Oliver and Camila, we need to follow these steps:

1. Calculate two-fourths of Oliver's score: Two-fourths is the same as 2/4 or 1/2. So, we calculate half of Oliver's score.
   Oliver's score = 354 points
   Half of Oliver's score = 354 / 2 = 177 points

2. Calculate Camila's score: Camila scored 42 points more than two-fourths of Oliver's score.
   Camila's score = 177 + 42 = 219 points

3. Calculate the total points scored by Oliver and Camila:
   Total points = Oliver's score + Camila's score
   Total points = 354 + 219
   Total points = 573

Final Answer: 573","To find the total points scored by Oliver and Camila, we first need to calculate Camila's score.

1. Oliver scored 354 points.
2. Two-fourths of Oliver's score is (2/4) * 354 = 0.5 * 354 = 177 points.
3. Camila scored 42 points more than two-fourths of Oliver's score, so Camila scored 177 + 42 = 219 points.
4. The total points scored by Oliver and Camila is the sum of their individual scores: 354 (Oliver) + 219 (Camila) = 573 points.

The information about Oliver working at a company for 3 years is not relevant to the calculation of their total points in the game of darts.

Final Answer: 573",ignores_noop,yes,yes,
54,27,The road was recently repaved last summer.,"Yara sliced a whole kiwi into 31 pieces. She ate 4 slices, her sister ate 6 more than her, and her cousin ate 3 more than her sister. How many slices of kiwi did they all eat?","Yara sliced a whole kiwi into 31 pieces. She ate 4 slices, her sister ate 6 more than her, and her cousin ate 3 more than her sister. How many slices of kiwi did they all eat? The road was recently repaved last summer.","To find out how many slices of kiwi they all ate, let's break down the information given:

1. Yara sliced a whole kiwi into 31 pieces, but we don't need this information to calculate how many slices they ate in total since we're given the specific amounts each person ate.

2. Yara ate 4 slices.

3. Her sister ate 6 more slices than Yara. Since Yara ate 4 slices, her sister ate 4 + 6 = 10 slices.

4. Her cousin ate 3 more slices than her sister. Since her sister ate 10 slices, her cousin ate 10 + 3 = 13 slices.

Now, let's add up all the slices they ate:
- Yara ate 4 slices.
- Her sister ate 10 slices.
- Her cousin ate 13 slices.

Total slices eaten = 4 + 10 + 13 = 27 slices.

Final Answer: 27","To find out how many slices of kiwi they all ate, let's break down the information given:

1. Yara ate 4 slices.
2. Her sister ate 6 more slices than Yara. So, her sister ate 4 + 6 = 10 slices.
3. Her cousin ate 3 more slices than her sister. So, her cousin ate 10 + 3 = 13 slices.

Now, let's add up all the slices they ate: 
Yara's slices: 4
Her sister's slices: 10
Her cousin's slices: 13
Total slices eaten: 4 + 10 + 13 = 27

The information about the road being repaved is irrelevant to the problem.

Final Answer: 27",ignores_noop,yes,yes,
55,130,There were 5 birds sitting on the fence nearby.,"Gabrielle is learning to write and decides to keep re-writing the alphabet until she knows it. She writes it in full two times, writes two-fourths of it once, then re-writes everything she has already written. How many letters has Gabrielle written in total?","Gabrielle is learning to write and decides to keep re-writing the alphabet until she knows it. She writes it in full two times, writes two-fourths of it once, then re-writes everything she has already written. How many letters has Gabrielle written in total? There were 5 birds sitting on the fence nearby.","To solve this problem, let's break it down step by step.

1. **Full alphabet**: The alphabet consists of 26 letters.

2. **Writes it in full two times**: Gabrielle writes the full alphabet twice, which means she writes 26 letters * 2 = 52 letters.

3. **Writes two-fourths of it once**: Two-fourths is equivalent to 1/2. So, she writes half of the alphabet once. Half of 26 letters is 26 / 2 = 13 letters.

4. **Total written so far**: Before re-writing everything, she has written 52 (from the full alphabets) + 13 (from half of the alphabet) = 65 letters.

5. **Re-writes everything she has already written**: Now, she re-writes all 65 letters she has written so far. This means she writes an additional 65 letters.

6. **Total letters written**: To find the total number of letters written, we add the letters written before re-writing to the letters written during re-writing. So, 65 (initial letters) + 65 (re-written letters) = 130 letters.

Final Answer: 130","To find the total number of letters Gabrielle has written, let's break down the problem step by step.

1. **Full alphabet written two times**: The alphabet has 26 letters. Writing it two times means 26 * 2 = 52 letters.

2. **Two-fourths of the alphabet written once**: Two-fourths is the same as 1/2. So, writing half of the alphabet once means 26 * 1/2 = 13 letters.

3. **Total letters written before re-writing**: Adding the letters from the full alphabet written two times and half of the alphabet written once, we get 52 + 13 = 65 letters.

4. **Re-writing everything she has already written**: This means she writes the 65 letters again. So, the total number of letters after re-writing is 65 (initial) + 65 (re-written) = 130 letters.

The information about the birds sitting on the fence is irrelevant to the calculation of the total number of letters Gabrielle has written.

Final Answer: 130",no_mention,yes,yes,
56,416,The meeting started 10 minutes late.,A carton of lemonade is 13 ozs of lemonade. Pavel drinks 4 cartons of lemonade. If lemonade has 8 calories per oz how many calories did he consume?,A carton of lemonade is 13 ozs of lemonade. Pavel drinks 4 cartons of lemonade. If lemonade has 8 calories per oz how many calories did he consume? The meeting started 10 minutes late.,"To find out how many calories Pavel consumed, we need to calculate the total amount of lemonade he drank in ounces and then multiply it by the number of calories per ounce.

Step 1: Calculate the total amount of lemonade Pavel drank in ounces.
Pavel drank 4 cartons of lemonade, and each carton contains 13 ozs of lemonade. So, the total amount of lemonade he drank is:
4 cartons * 13 ozs/carton = 52 ozs

Step 2: Calculate the total number of calories Pavel consumed.
We know that lemonade has 8 calories per oz. To find the total number of calories, we multiply the total amount of lemonade (in ozs) by the number of calories per oz:
52 ozs * 8 calories/oz = 416 calories

Final Answer: 416","To find out how many calories Pavel consumed, we first need to calculate the total amount of lemonade he drank in ounces, and then multiply that by the calories per ounce.

1. **Calculate the total amount of lemonade Pavel drank in ounces:**
   - Each carton of lemonade is 13 ozs.
   - Pavel drank 4 cartons of lemonade.
   - Total ounces = 13 ozs/carton * 4 cartons = 52 ozs.

2. **Calculate the total calories Pavel consumed:**
   - Lemonade has 8 calories per oz.
   - Pavel drank 52 ozs of lemonade.
   - Total calories = 8 calories/oz * 52 ozs = 416 calories.

The information about the meeting starting 10 minutes late is irrelevant to calculating the calories Pavel consumed from drinking lemonade.

Final Answer: 416",no_mention,yes,yes,
57,134,She had just returned from a two-week vacation.,"Viktor has 18 tubes of black paint and 16 tubes of magenta paint. Alejandro has 1/3 as many tubes of black paint as Viktor, and eight times as many tubes of magenta paint as Viktor. How many tubes of paint does Alejandro have?","Viktor has 18 tubes of black paint and 16 tubes of magenta paint. Alejandro has 1/3 as many tubes of black paint as Viktor, and eight times as many tubes of magenta paint as Viktor. How many tubes of paint does Alejandro have? She had just returned from a two-week vacation.","To find out how many tubes of paint Alejandro has, we need to calculate the number of tubes of black paint and magenta paint he has, then add them together.

1. First, let's calculate the number of tubes of black paint Alejandro has. Since Alejandro has 1/3 as many tubes of black paint as Viktor, and Viktor has 18 tubes of black paint, we can calculate Alejandro's black paint tubes as follows:
   Alejandro's black paint = 1/3 * Viktor's black paint
   Alejandro's black paint = 1/3 * 18
   Alejandro's black paint = 6

2. Next, let's calculate the number of tubes of magenta paint Alejandro has. Since Alejandro has eight times as many tubes of magenta paint as Viktor, and Viktor has 16 tubes of magenta paint, we can calculate Alejandro's magenta paint tubes as follows:
   Alejandro's magenta paint = 8 * Viktor's magenta paint
   Alejandro's magenta paint = 8 * 16
   Alejandro's magenta paint = 128

3. Now, we add the number of tubes of black paint and magenta paint Alejandro has to find the total number of tubes of paint he has:
   Total paint = Alejandro's black paint + Alejandro's magenta paint
   Total paint = 6 + 128
   Total paint = 134

Final Answer: 134","To find out how many tubes of paint Alejandro has, we first need to determine the number of tubes of black and magenta paint she has.

1. **Black Paint:** Alejandro has 1/3 as many tubes of black paint as Viktor. Viktor has 18 tubes of black paint. So, Alejandro has (1/3) * 18 tubes of black paint.
   - (1/3) * 18 = 6 tubes of black paint.

2. **Magenta Paint:** Alejandro has eight times as many tubes of magenta paint as Viktor. Viktor has 16 tubes of magenta paint. So, Alejandro has 8 * 16 tubes of magenta paint.
   - 8 * 16 = 128 tubes of magenta paint.

3. **Total Tubes of Paint:** To find the total number of tubes of paint Alejandro has, we add the number of tubes of black paint to the number of tubes of magenta paint.
   - Total = 6 (black) + 128 (magenta) = 134 tubes of paint.

The information about the two-week vacation is not relevant to calculating the total number of tubes of paint Alejandro has.

Final Answer: 134",no_mention,yes,yes,
58,9920,The package was delivered in a brown box.,One troll can mine 5 kgs of ore per day with basic shovel. He can mine twice as much with a bronze pickaxe and 60% more with a titanium pickaxe than with a bronze pickaxe. How many kgs of ore can 20 trolls with titanium pickaxes mine in a month with 31 days?,One troll can mine 5 kgs of ore per day with basic shovel. He can mine twice as much with a bronze pickaxe and 60% more with a titanium pickaxe than with a bronze pickaxe. How many kgs of ore can 20 trolls with titanium pickaxes mine in a month with 31 days? The package was delivered in a brown box.,"To solve this problem, let's break it down step by step:

1. **Basic Shovel:** One troll can mine 5 kgs of ore per day with a basic shovel.

2. **Bronze Pickaxe:** With a bronze pickaxe, a troll can mine twice as much as with a basic shovel. So, a troll with a bronze pickaxe can mine 5 * 2 = 10 kgs of ore per day.

3. **Titanium Pickaxe:** A troll can mine 60% more with a titanium pickaxe than with a bronze pickaxe. 60% of 10 kgs (the amount mined with a bronze pickaxe) is 0.6 * 10 = 6 kgs. So, with a titanium pickaxe, a troll can mine 10 + 6 = 16 kgs of ore per day.

4. **20 Trolls with Titanium Pickaxes:** If one troll can mine 16 kgs of ore per day with a titanium pickaxe, then 20 trolls can mine 20 * 16 = 320 kgs of ore per day.

5. **Mining in a Month with 31 Days:** To find out how much ore 20 trolls can mine in a month with 31 days, we multiply the daily amount by 31. So, 320 * 31 = 9920 kgs.

Final Answer: 9920","To solve this problem, let's break it down into steps:

1. **Determine how much ore one troll can mine per day with each type of tool:**
   - With a basic shovel, one troll can mine 5 kgs of ore per day.
   - With a bronze pickaxe, one troll can mine twice as much as with a basic shovel, so 2 * 5 = 10 kgs of ore per day.
   - With a titanium pickaxe, one troll can mine 60% more than with a bronze pickaxe. 60% of 10 kgs is 0.6 * 10 = 6 kgs. So, with a titanium pickaxe, one troll can mine 10 + 6 = 16 kgs of ore per day.

2. **Calculate how much ore one troll with a titanium pickaxe can mine in a month (31 days):**
   - Since one troll can mine 16 kgs of ore per day with a titanium pickaxe, in 31 days, one troll can mine 16 * 31 = 496 kgs of ore.

3. **Calculate how much ore 20 trolls with titanium pickaxes can mine in a month:**
   - If one troll can mine 496 kgs of ore in a month, then 20 trolls can mine 20 * 496 = 9920 kgs of ore in a month.

The information about the package being delivered in a brown box is irrelevant to the calculation of how much ore the trolls can mine.

Final Answer: 9920",no_mention,yes,yes,
59,24,It takes 30 minutes to drive to the nearest town.,"I have 18 liters of peach drink that are 2/3 water and I wish to add it to 21 liters of grape drink that is two-thirds water. But as I pour it, I spill 3 liters of the peach drink. How much water is in the remaining 36 liters?","I have 18 liters of peach drink that are 2/3 water and I wish to add it to 21 liters of grape drink that is two-thirds water. But as I pour it, I spill 3 liters of the peach drink. How much water is in the remaining 36 liters? It takes 30 minutes to drive to the nearest town.","To find the amount of water in the remaining 36 liters, let's break down the problem step by step.

1. **Calculate the amount of water in the peach drink before spilling:**
   - Total peach drink = 18 liters
   - Fraction of water in peach drink = 2/3
   - Water in peach drink = 18 * (2/3) = 12 liters

2. **Calculate the amount of peach drink and water after spilling:**
   - Amount of peach drink spilled = 3 liters
   - Amount of peach drink left = 18 - 3 = 15 liters
   - Since the fraction of water in the peach drink remains the same (2/3), the amount of water in the remaining peach drink = 15 * (2/3) = 10 liters

3. **Calculate the amount of water in the grape drink:**
   - Total grape drink = 21 liters
   - Fraction of water in grape drink = 2/3
   - Water in grape drink = 21 * (2/3) = 14 liters

4. **Calculate the total amount of water in the remaining 36 liters (15 liters of peach drink + 21 liters of grape drink):**
   - Total water = Water in remaining peach drink + Water in grape drink
   - Total water = 10 liters + 14 liters = 24 liters

Final Answer: 24","To find the amount of water in the remaining 36 liters, we first need to calculate the amount of water in each drink and then account for the spill.

1. Calculate the amount of water in the peach drink:
   - Total peach drink = 18 liters
   - Water in peach drink = 2/3 * 18 = 12 liters

2. Calculate the amount of water in the grape drink:
   - Total grape drink = 21 liters
   - Water in grape drink = 2/3 * 21 = 14 liters

3. Account for the spill:
   - Spilled peach drink = 3 liters
   - Since the peach drink is 2/3 water, the amount of water spilled = 2/3 * 3 = 2 liters
   - Remaining peach drink after spill = 18 - 3 = 15 liters
   - Water remaining in peach drink = 12 - 2 = 10 liters

4. Calculate the total amount of water in the remaining drinks:
   - Total water = Water in remaining peach drink + Water in grape drink
   - Total water = 10 + 14 = 24 liters

5. The information about driving to the nearest town is irrelevant to calculating the amount of water in the remaining drinks.

Final Answer: 24",no_mention,yes,yes,
60,3756,The temperature outside is 72 degrees Fahrenheit.,"Sanjay works a 7-hour shift each day, 3 days a week. He earns ₺17 per hour and gets a ₺582 bonus each week if the company performs well. How much money did Sanjay make in June if the company performed very well for the whole month?","Sanjay works a 7-hour shift each day, 3 days a week. He earns ₺17 per hour and gets a ₺582 bonus each week if the company performs well. How much money did Sanjay make in June if the company performed very well for the whole month? The temperature outside is 72 degrees Fahrenheit.","To find out how much money Sanjay made in June, we need to calculate his total earnings from his hourly wage and his weekly bonus.

1. **Calculate the total hours Sanjay works in a week**: Sanjay works 7 hours a day, 3 days a week. So, in a week, he works 7 hours/day * 3 days/week = 21 hours/week.

2. **Calculate Sanjay's weekly earnings from his hourly wage**: Sanjay earns ₺17 per hour. So, in a week, he earns 21 hours/week * ₺17/hour = ₺357/week from his hourly wage.

3. **Add the weekly bonus to Sanjay's weekly earnings**: Sanjay also gets a ₺582 bonus each week if the company performs well. So, his total weekly earnings when the company performs well would be ₺357/week (from hourly wage) + ₺582/week (bonus) = ₺939/week.

4. **Calculate Sanjay's total earnings for June**: Since June has 4 weeks, Sanjay's total earnings for June would be ₺939/week * 4 weeks = ₺3756.

Final Answer: 3756","To find out how much money Sanjay made in June, we first need to calculate how much he earns in a week and then multiply that by the number of weeks in June.

1. **Calculate Sanjay's weekly earnings from his shift:**
   - Sanjay works 7 hours a day.
   - He works 3 days a week.
   - So, he works 7 hours/day * 3 days/week = 21 hours/week.
   - He earns ₺17 per hour.
   - Therefore, his weekly earnings from his shift are 21 hours/week * ₺17/hour = ₺357/week.

2. **Add the weekly bonus:**
   - Sanjay gets a ₺582 bonus each week if the company performs well.
   - So, his total weekly earnings when the company performs well are ₺357 (from hours worked) + ₺582 (bonus) = ₺939/week.

3. **Calculate Sanjay's earnings for June:**
   - June has 4 weeks.
   - Therefore, Sanjay's earnings for June are ₺939/week * 4 weeks = ₺3756.

The temperature outside (72 degrees Fahrenheit) does not affect the calculation of Sanjay's earnings.

Final Answer: 3756",no_mention,yes,yes,
61,44,John's favorite color is blue.,"Mohammed has a bag of pebbles with 62 inside. He tripped over root while carrying it and dropped 2/4 of them. He scrambled to search for them but only came up with 18. When he went back home, he inspected the pebbles further. Five of them he picked up weren't pebbles, but actually beads so he got rid of it. How many pebbles did Mohammed end up with?","Mohammed has a bag of pebbles with 62 inside. He tripped over root while carrying it and dropped 2/4 of them. He scrambled to search for them but only came up with 18. When he went back home, he inspected the pebbles further. Five of them he picked up weren't pebbles, but actually beads so he got rid of it. How many pebbles did Mohammed end up with? John's favorite color is blue.","To solve this problem, let's break it down into steps:

1. Mohammed starts with 62 pebbles.
2. He drops 2/4 of them. To find out how many pebbles he dropped, we need to calculate 2/4 of 62. Since 2/4 is the same as 1/2, we can find this by dividing 62 by 2, which equals 31. So, he dropped 31 pebbles.
3. After dropping 31 pebbles, Mohammed has 62 - 31 = 31 pebbles left in the bag.
4. He then finds 18 more pebbles, so now he has 31 (the ones he didn't drop) + 18 (the ones he found) = 49 pebbles.
5. Upon inspecting the pebbles further, he finds that 5 of them are actually beads, not pebbles. So, he gets rid of these 5 beads.
6. To find out how many pebbles Mohammed ends up with, we subtract the 5 beads from the total he had after finding more: 49 - 5 = 44.

Final Answer: 44","To solve this problem, let's break it down into steps:

1. Mohammed starts with 62 pebbles.
2. He drops 2/4 of them. To find out how many pebbles he dropped, we need to calculate 2/4 of 62. Since 2/4 is the same as 1/2, we can find this by dividing 62 by 2. 62 / 2 = 31 pebbles dropped.
3. After dropping 31 pebbles, Mohammed has 62 - 31 = 31 pebbles left.
4. He then finds 18 more pebbles, so now he has 31 + 18 = 49 pebbles.
5. Upon inspecting the pebbles further, he gets rid of 5 beads that he thought were pebbles. So, he has 49 - 5 = 44 pebbles left.

The information about John's favorite color is irrelevant to the problem.

Final Answer: 44",no_mention,yes,yes,
62,150,The store was painted red last year.,"In a set of artist's cards, there are 30 purple cards, and 50% more yellow cards. Blue cards are as many as the sum of purple and yellow cards. How many cards of all mentioned colors are there?","In a set of artist's cards, there are 30 purple cards, and 50% more yellow cards. Blue cards are as many as the sum of purple and yellow cards. How many cards of all mentioned colors are there? The store was painted red last year.","To solve this problem, let's break it down step by step:

1. **Identify the number of purple cards**: We are given that there are 30 purple cards.

2. **Calculate the number of yellow cards**: It's stated that there are 50% more yellow cards than purple cards. To find the number of yellow cards, we calculate 50% of the number of purple cards and then add that to the number of purple cards.
   - 50% of 30 purple cards = 0.5 * 30 = 15
   - Number of yellow cards = 30 + 15 = 45

3. **Determine the number of blue cards**: We are told that the number of blue cards is equal to the sum of purple and yellow cards.
   - Number of blue cards = Number of purple cards + Number of yellow cards
   - Number of blue cards = 30 + 45 = 75

4. **Calculate the total number of cards of all mentioned colors**: To find the total, we add the number of purple, yellow, and blue cards together.
   - Total = Number of purple cards + Number of yellow cards + Number of blue cards
   - Total = 30 + 45 + 75 = 150

Final Answer: 150","To find the total number of cards of all mentioned colors, let's break down the information given:

1. **Number of purple cards**: 30
2. **Number of yellow cards**: 50% more than purple cards. To find this, we calculate 50% of 30 and then add it to 30.
   - 50% of 30 = 0.5 * 30 = 15
   - So, the number of yellow cards = 30 + 15 = 45
3. **Number of blue cards**: Equal to the sum of purple and yellow cards.
   - Sum of purple and yellow cards = 30 (purple) + 45 (yellow) = 75
   - So, the number of blue cards = 75

The information about the store being painted red is irrelevant to the calculation of the number of cards.

Now, to find the total number of cards of all mentioned colors, we add the number of purple, yellow, and blue cards:
- Total = 30 (purple) + 45 (yellow) + 75 (blue) = 150

Final Answer: 150",no_mention,yes,yes,
63,35,It was a sunny day with no clouds in the sky.,A student has 20 marbles. His sister has 5 fewer marbles than he has. How many marbles do they have together?,A student has 20 marbles. His sister has 5 fewer marbles than he has. How many marbles do they have together? It was a sunny day with no clouds in the sky.,"To find the total number of marbles the student and his sister have together, we need to follow these steps:

1. Determine the number of marbles the student has: The student has 20 marbles.
2. Calculate the number of marbles the sister has: The sister has 5 fewer marbles than the student. So, the sister has 20 - 5 = 15 marbles.
3. Add the number of marbles the student and the sister have to find the total: Total marbles = Student's marbles + Sister's marbles = 20 + 15 = 35.

Final Answer: 35","To find the total number of marbles the student and his sister have together, we first need to determine how many marbles each of them has.

1. The student has 20 marbles.
2. His sister has 5 fewer marbles than he does, so we subtract 5 from the number of marbles the student has: 20 - 5 = 15 marbles.
3. Now, we add the number of marbles the student has to the number of marbles his sister has to find the total: 20 (student's marbles) + 15 (sister's marbles) = 35 marbles.

The information about the weather is not relevant to solving the math problem.

Final Answer: 35",ignores_noop,yes,yes,
